<?xml version="1.0" encoding="UTF-8"?>
<project-private xmlns="http://www.netbeans.org/ns/project-private/1">
    <editor-bookmarks xmlns="http://www.netbeans.org/ns/editor-bookmarks/2" lastBookmarkId="0"/>
    <open-files xmlns="http://www.netbeans.org/ns/projectui-open-files/2">
        <group>
            <file>file:/C:/Users/ADM/Documents/GitHub/PRJ_Assi/PRJ_Assi/src/java/controller/leaverequest/CreateLeaveRequest.java</file>
            <file>file:/C:/Users/ADM/Documents/GitHub/PRJ_Assi/PRJ_Assi/src/java/dal/EmployeeDBContext.java</file>
            <file>file:/C:/Users/ADM/Documents/GitHub/PRJ_Assi/PRJ_Assi/src/java/dal/AgendaDBContext.java</file>
            <file>file:/C:/Users/ADM/Documents/GitHub/PRJ_Assi/PRJ_Assi/src/java/data/Role.java</file>
            <file>file:/C:/Users/ADM/Documents/GitHub/PRJ_Assi/PRJ_Assi/src/java/dal/LeaveRequestDBContext.java</file>
            <file>file:/C:/Users/ADM/Documents/GitHub/PRJ_Assi/PRJ_Assi/src/java/controller/login/BaseAccessControlByCreator.java</file>
            <file>file:/C:/Users/ADM/Documents/GitHub/PRJ_Assi/PRJ_Assi/web/view/leaverequest/createleave.jsp</file>
            <file>file:/C:/Users/ADM/Documents/GitHub/PRJ_Assi/PRJ_Assi/src/java/controller/leaverequest/UpdateLeaveRequest.java</file>
        </group>
    </open-files>
</project-private>
